stock_name,llm_output,score,thought_process
NESTLEIND.NS,"Here's an analysis of the NESTLEIND.NS chart and my recommendation, presented in JSON format:

```json
{
  ""score"": 8,
  ""thought_process"": ""The chart shows a definite uptrend, especially evident in the later part of the observed period (April). While there are some red (down) days, the overall momentum seems to be upward. Given this upward trend, holding the stock in a long-only portfolio for the upcoming week seems like a reasonable decision. The uptrend suggests a high probability of continued gains. Giving it an 8/10, because as any good trader knows, nothing is guaranteed! ""
}
```
",8,"The chart shows a definite uptrend, especially evident in the later part of the observed period (April). While there are some red (down) days, the overall momentum seems to be upward. Given this upward trend, holding the stock in a long-only portfolio for the upcoming week seems like a reasonable decision. The uptrend suggests a high probability of continued gains. Giving it an 8/10, because as any good trader knows, nothing is guaranteed! "
ADANIENT.NS,"Here's a JSON output containing my analysis of the ADANIENT.NS chart and a recommendation, along with my reasoning:

```json
{
  ""score"": 7,
  ""thought_process"": ""The chart shows a clear uptrend starting around early March, following a period of decline. The price has been consistently making higher highs and higher lows which is a positive indicator. However, the candlesticks near the end of the chart suggest the price might be stalling or losing momentum with some red days towards the end. Given the overall uptrend, holding for the upcoming week could be beneficial particularly if the stock breaks through resistance around 2500, but this should be tied to stop loss in case of reversal towards 2400 which served as resistance now turned to support. The score reflects mostly bullish sentiments with a touch of caution due to some red days towards the end of the chart.""
}
```
",7,"The chart shows a clear uptrend starting around early March, following a period of decline. The price has been consistently making higher highs and higher lows which is a positive indicator. However, the candlesticks near the end of the chart suggest the price might be stalling or losing momentum with some red days towards the end. Given the overall uptrend, holding for the upcoming week could be beneficial particularly if the stock breaks through resistance around 2500, but this should be tied to stop loss in case of reversal towards 2400 which served as resistance now turned to support. The score reflects mostly bullish sentiments with a touch of caution due to some red days towards the end of the chart."
APOLLOHOSP.NS,"```json
{
  ""score"": 7,
  ""thought_process"": ""The chart shows a candlestick pattern for APOLLOHOSP.NS. There was a significant downtrend from early February to mid-March, but the chart clearly indicates a strong uptrend from mid-March to the latest data point in early April. The recent candles are mostly green, indicating upward price movement. Considering this persistent upward trend, the stock is likely to continue performing well in the short term, making it a reasonable hold for the upcoming week. However, a more detailed analysis on volume, related news, and other indicators could reveal a better score.""
}
```",7,"The chart shows a candlestick pattern for APOLLOHOSP.NS. There was a significant downtrend from early February to mid-March, but the chart clearly indicates a strong uptrend from mid-March to the latest data point in early April. The recent candles are mostly green, indicating upward price movement. Considering this persistent upward trend, the stock is likely to continue performing well in the short term, making it a reasonable hold for the upcoming week. However, a more detailed analysis on volume, related news, and other indicators could reveal a better score."
HDFCBANK.NS,"```json
{
  ""score"": 7,
  ""thought_process"": ""The chart shows a general upward trend for HDFCBANK.NS over the period from January to April. There's a consolidation period in February and early March, but the stock has accelerated its upward movement recently. The last few candlesticks indicate a high price level. I'll give the stock a 7 because based only on the price action it is trending upwards. If the analysis also accounted for earnings and macro trends, the number it potentially could be higher. The last few candlesticks also show increasing price action so in the short run, momentum is in place.""
}
```",7,"The chart shows a general upward trend for HDFCBANK.NS over the period from January to April. There's a consolidation period in February and early March, but the stock has accelerated its upward movement recently. The last few candlesticks indicate a high price level. I'll give the stock a 7 because based only on the price action it is trending upwards. If the analysis also accounted for earnings and macro trends, the number it potentially could be higher. The last few candlesticks also show increasing price action so in the short run, momentum is in place."
ONGC.NS,"Here's an analysis of the ONGC.NS chart and a corresponding hold recommendation in JSON format:

```json
{
  ""score"": 7,
  ""thought_process"": ""The chart shows a recent upward trend following a significant dip in early April. After the downtrend, the past couple of weeks have shown bullish momentum, with green candles indicating price increases. While there was volatility earlier in the period shown, the current trend suggests a potential for continued growth in the short term. However, it's important to be cautious as a couple of red candles can be seen at the end of the uptrend. So i will give a 7 rating to holding this stock. Although a longer holding period of time would warrant continuous inspection of similar charts and financials.""
}
```
",7,"The chart shows a recent upward trend following a significant dip in early April. After the downtrend, the past couple of weeks have shown bullish momentum, with green candles indicating price increases. While there was volatility earlier in the period shown, the current trend suggests a potential for continued growth in the short term. However, it's important to be cautious as a couple of red candles can be seen at the end of the uptrend. So i will give a 7 rating to holding this stock. Although a longer holding period of time would warrant continuous inspection of similar charts and financials."
POWERGRID.NS,"Here's a JSON output with a score and thought process about holding POWERGRID.NS based on the provided chart:

```json
{
  ""score"": 7,
  ""thought_process"": ""The chart shows a clear upward trend for POWERGRID.NS, especially from March onwards.  While there has been a slight pullback/consolidation recently, the overall momentum is positive.  Given the strong recent performance, I would lean towards holding for another week in a long-only portfolio, anticipating the upward trend to continue and to achieve higher prices than before. However, the recent red candles suggest some profit-taking or resistance, so caution is advised. A very high score could only be justified if there was evidence of consistent volume support with the new recent highs.""
}
```",7,"The chart shows a clear upward trend for POWERGRID.NS, especially from March onwards.  While there has been a slight pullback/consolidation recently, the overall momentum is positive.  Given the strong recent performance, I would lean towards holding for another week in a long-only portfolio, anticipating the upward trend to continue and to achieve higher prices than before. However, the recent red candles suggest some profit-taking or resistance, so caution is advised. A very high score could only be justified if there was evidence of consistent volume support with the new recent highs."
ADANIPORTS.NS,"```json
{
  ""score"": 6,
  ""thought_process"": ""The chart shows an upward trend for ADANIPORTS.NS from early April. However, the most recent candlesticks show some red (bearish) candles, suggesting potential profit-taking or a temporary pullback after the significant gains. Looking at where the stock has previously fallen to, I am not particularly enthralled with where the stock could trade to for the upcoming week. Given the upward trend but recent deceleration, holding is reasonable, but not with high conviction.""
}
```",6,"The chart shows an upward trend for ADANIPORTS.NS from early April. However, the most recent candlesticks show some red (bearish) candles, suggesting potential profit-taking or a temporary pullback after the significant gains. Looking at where the stock has previously fallen to, I am not particularly enthralled with where the stock could trade to for the upcoming week. Given the upward trend but recent deceleration, holding is reasonable, but not with high conviction."
ASIANPAINT.NS,"Here's my analysis of the ASIANPAINT.NS chart and my hold/sell recommendation:

```json
{
  ""score"": 6,
  ""thought_process"": ""The ASIANPAINT.NS chart shows a general uptrend over the period displayed (late January to early April). However, there's also been a period of consolidation and choppiness in the middle.  Most recently, the stock has reached a higher price point, around 2450, and has experienced some red candle corrections, so it may consolidate here for a brief time before potentially resuming its upward trend. Because of the uptrend and the higher highs that have been formed, it likely is a good hold for the upcoming week. I lean slightly more positive than neutral, so it gets a 6.""
}
```
",6,"The ASIANPAINT.NS chart shows a general uptrend over the period displayed (late January to early April). However, there's also been a period of consolidation and choppiness in the middle.  Most recently, the stock has reached a higher price point, around 2450, and has experienced some red candle corrections, so it may consolidate here for a brief time before potentially resuming its upward trend. Because of the uptrend and the higher highs that have been formed, it likely is a good hold for the upcoming week. I lean slightly more positive than neutral, so it gets a 6."
ETERNAL.NS,"```json
{
  ""score"": 6,
  ""thought_process"": ""The ETERNAL.NS chart shows a general upward trend over the past few weeks, moving from approximately 200 to nearly 240. The most recent two bars, however, provide mixed signals. The penultimate green candlestick indicates continued bullish momentum, but the final red candlestick suggests a potential stall or reversal. Because of the up trend, I give this a 6 score.""
}
```",6,"The ETERNAL.NS chart shows a general upward trend over the past few weeks, moving from approximately 200 to nearly 240. The most recent two bars, however, provide mixed signals. The penultimate green candlestick indicates continued bullish momentum, but the final red candlestick suggests a potential stall or reversal. Because of the up trend, I give this a 6 score."
HCLTECH.NS,"Here's an analysis of the HCLTECH.NS chart and a hold/sell recommendation for your long-only portfolio, along with the reasoning in JSON format.

```json
{
  ""score"": 6,
  ""thought_process"": ""The candlestick chart shows a clear downtrend from late January to early April. However, in the past week starting April 7th, there has been a noticeable uptrend with a few green candles. This suggests a potential change in momentum and a possible recovery after the prolonged downtrend. But the short timeframe of the reversal makes it difficult to be certain of the strength. There would need to be a few more days of sustained uptrend to confirm. Given the recent uptrend, holding the stock for the next week has some potential, but the long-term previous downtrend needs to be considered. Therefore given score of 6 is assigned indicating a slightly favorable position to hold.""
}
```
",6,"The candlestick chart shows a clear downtrend from late January to early April. However, in the past week starting April 7th, there has been a noticeable uptrend with a few green candles. This suggests a potential change in momentum and a possible recovery after the prolonged downtrend. But the short timeframe of the reversal makes it difficult to be certain of the strength. There would need to be a few more days of sustained uptrend to confirm. Given the recent uptrend, holding the stock for the next week has some potential, but the long-term previous downtrend needs to be considered. Therefore given score of 6 is assigned indicating a slightly favorable position to hold."
HINDALCO.NS,"Here's my analysis of the HINDALCO.NS chart and my recommendation for holding it, along with the JSON output.

**Analysis**

The chart shows a period of upward price movement followed by a significant drop, and then a modest recovery recently. Starting in late January, the stock experienced a gradual but consistent increase until early March. However, after that, there was a sharp and substantial decline, particularly visible in the long red candlestick around early April. More recently there is evidence of a green reversal and a slow recovery.

**Recommendation**

Based on the recent recovery after the crash, I lean somewhat cautiously positive. However, the previous crash makes me a bit wary.

```json
{
  ""score"": 6,
  ""thought_process"": ""The chart presents a mixed picture. The initial uptrend suggests potential strength, but the subsequent sharp drop indicates a period of significant selling pressure. The recent upward trend is encouraging, but it's still too early to confirm a sustained recovery. Given the volatility and potential for further downside risk, I would proceed with caution. A hold rating with a cautious view would be appropriate especially with the recent upward price action.""
}
```
",6,"The chart presents a mixed picture. The initial uptrend suggests potential strength, but the subsequent sharp drop indicates a period of significant selling pressure. The recent upward trend is encouraging, but it's still too early to confirm a sustained recovery. Given the volatility and potential for further downside risk, I would proceed with caution. A hold rating with a cautious view would be appropriate especially with the recent upward price action."
NTPC.NS,"```json
{
  ""score"": 6,
  ""thought_process"": ""The chart shows an overall upward trend from late January to early April. However, the most recent price action appears choppy and somewhat bearish, with more red (down) candles than green (up) candles in the last few trading days. The overall trend is positive, but the recent action is concerning and suggest some possibility for some pull back. Therefore, I lean more towards holding but with some skepticism""
}
```",6,"The chart shows an overall upward trend from late January to early April. However, the most recent price action appears choppy and somewhat bearish, with more red (down) candles than green (up) candles in the last few trading days. The overall trend is positive, but the recent action is concerning and suggest some possibility for some pull back. Therefore, I lean more towards holding but with some skepticism"
SUNPHARMA.NS,"Here's my analysis of the SUNPHARMA.NS chart and my investment recommendation:

```json
{
  ""score"": 6,
  ""thought_process"": ""From the chart, I observe a downtrend from late January to early March, followed by a recovery and consolidation. There appears to be some upward momentum recently, particularly in early April, but the gains seem relatively minor. The stock is currently trading around 1750 and the past two months display a consolidation. I would give this a 6. While there is a generally a move up to 1800 throughout the year, there is generally equal movement down to lower prices as well. Since the market is showing a pattern of consolidation, there is no confidence that this stock should be held for long term.""
}
```",6,"From the chart, I observe a downtrend from late January to early March, followed by a recovery and consolidation. There appears to be some upward momentum recently, particularly in early April, but the gains seem relatively minor. The stock is currently trading around 1750 and the past two months display a consolidation. I would give this a 6. While there is a generally a move up to 1800 throughout the year, there is generally equal movement down to lower prices as well. Since the market is showing a pattern of consolidation, there is no confidence that this stock should be held for long term."
